<?xml version="1.0" encoding="UTF-8"?>
<project-private xmlns="http://www.netbeans.org/ns/project-private/1">
    <editor-bookmarks xmlns="http://www.netbeans.org/ns/editor-bookmarks/2" lastBookmarkId="0"/>
    <open-files xmlns="http://www.netbeans.org/ns/projectui-open-files/2">
        <group>
            <file>file:/C:/Users/ester/OneDrive/Documentos/FACULDADE%20ADS/SEGUNDO%20SEMESTRE/PI/PROJETO%20INTEGRADOR/PI/src/AlterarPartida.java</file>
            <file>file:/C:/Users/ester/OneDrive/Documentos/FACULDADE%20ADS/SEGUNDO%20SEMESTRE/PI/PROJETO%20INTEGRADOR/PI/src/AlterarTime.java</file>
            <file>file:/C:/Users/ester/OneDrive/Documentos/FACULDADE%20ADS/SEGUNDO%20SEMESTRE/PI/PROJETO%20INTEGRADOR/PI/src/CadastrarFuncionarios.java</file>
            <file>file:/C:/Users/ester/OneDrive/Documentos/FACULDADE%20ADS/SEGUNDO%20SEMESTRE/PI/PROJETO%20INTEGRADOR/PI/src/CadastrarTime.java</file>
            <file>file:/C:/Users/ester/OneDrive/Documentos/FACULDADE%20ADS/SEGUNDO%20SEMESTRE/PI/PROJETO%20INTEGRADOR/PI/src/CadastrarJogador.java</file>
            <file>file:/C:/Users/ester/OneDrive/Documentos/FACULDADE%20ADS/SEGUNDO%20SEMESTRE/PI/PROJETO%20INTEGRADOR/PI/src/ListarJogadores.java</file>
            <file>file:/C:/Users/ester/OneDrive/Documentos/FACULDADE%20ADS/SEGUNDO%20SEMESTRE/PI/PROJETO%20INTEGRADOR/PI/src/ListarPartidas.java</file>
            <file>file:/C:/Users/ester/OneDrive/Documentos/FACULDADE%20ADS/SEGUNDO%20SEMESTRE/PI/PROJETO%20INTEGRADOR/PI/src/ListarTimes.java</file>
            <file>file:/C:/Users/ester/OneDrive/Documentos/FACULDADE%20ADS/SEGUNDO%20SEMESTRE/PI/PROJETO%20INTEGRADOR/PI/src/ListarFuncionario.java</file>
            <file>file:/C:/Users/ester/OneDrive/Documentos/FACULDADE%20ADS/SEGUNDO%20SEMESTRE/PI/PROJETO%20INTEGRADOR/PI/src/MenuFuncionario.java</file>
            <file>file:/C:/Users/ester/OneDrive/Documentos/FACULDADE%20ADS/SEGUNDO%20SEMESTRE/PI/PROJETO%20INTEGRADOR/PI/src/CadastrarPartida.java</file>
            <file>file:/C:/Users/ester/OneDrive/Documentos/FACULDADE%20ADS/SEGUNDO%20SEMESTRE/PI/PROJETO%20INTEGRADOR/PI/src/LoginFuncionario.java</file>
            <file>file:/C:/Users/ester/OneDrive/Documentos/FACULDADE%20ADS/SEGUNDO%20SEMESTRE/PI/PROJETO%20INTEGRADOR/PI/src/AlterarJogador.java</file>
            <file>file:/C:/Users/ester/OneDrive/Documentos/FACULDADE%20ADS/SEGUNDO%20SEMESTRE/PI/PROJETO%20INTEGRADOR/PI/src/AlterarFuncionario.java</file>
            <file>file:/C:/Users/ester/OneDrive/Documentos/FACULDADE%20ADS/SEGUNDO%20SEMESTRE/PI/PROJETO%20INTEGRADOR/PI/src/Home.java</file>
        </group>
    </open-files>
</project-private>
